{"name":"first","bug_tracker":"","status":"annotation","labels":[{"name":"small_forklift","color":"#cc9933","attributes":[],"type":"any","sublabels":[]},{"name":"truck","color":"#906080","attributes":[],"type":"any","sublabels":[]},{"name":"person","color":"#ff00cc","attributes":[],"type":"any","sublabels":[]},{"name":"forklift","color":"#cdffc7","attributes":[],"type":"any","sublabels":[]},{"name":"container_doors","color":"#83e070","attributes":[],"type":"any","sublabels":[]},{"name":"container","color":"#ff007c","attributes":[],"type":"any","sublabels":[]}],"subset":"","version":"1.0","data":{"chunk_size":72,"image_quality":90,"start_frame":0,"stop_frame":68,"storage_method":"cache","storage":"local","sorting_method":"lexicographical","chunk_type":"imageset","deleted_frames":[]},"jobs":[{"start_frame":0,"stop_frame":68,"status":"annotation"}]}